<?xml version="1.0" encoding="UTF-8"?>
<GenRun Id="synth_1" LaunchPart="xc7z010clg400-1" LaunchTime="1692230629">
  <File Type="PA-TCL" Name="RAM.tcl"/>
  <File Type="RDS-PROPCONSTRS" Name="RAM_drc_synth.rpt"/>
  <File Type="REPORTS-TCL" Name="RAM_reports.tcl"/>
  <File Type="RDS-RDS" Name="RAM.vds"/>
  <File Type="RDS-UTIL" Name="RAM_utilization_synth.rpt"/>
  <File Type="RDS-UTIL-PB" Name="RAM_utilization_synth.pb"/>
  <File Type="RDS-DCP" Name="RAM.dcp"/>
  <File Type="VDS-TIMINGSUMMARY" Name="RAM_timing_summary_synth.rpt"/>
  <File Type="VDS-TIMING-PB" Name="RAM_timing_summary_synth.pb"/>
  <FileSet Name="sources" Type="DesignSrcs" RelSrcDir="$PSRCDIR/sources_1">
    <Filter Type="Srcs"/>
    <File Path="$PSRCDIR/sources_1/new/RAM.vhd">
      <FileInfo>
        <Attr Name="ImportPath" Val="$PPRDIR/../AY01_RAM/AY01_RAM.srcs/sources_1/new/RAM.vhd"/>
        <Attr Name="ImportTime" Val="1692230553"/>
        <Attr Name="UsedIn" Val="synthesis"/>
        <Attr Name="UsedIn" Val="simulation"/>
      </FileInfo>
    </File>
    <Config>
      <Option Name="DesignMode" Val="RTL"/>
      <Option Name="TopModule" Val="RAM"/>
      <Option Name="TopAutoSet" Val="TRUE"/>
    </Config>
  </FileSet>
  <FileSet Name="constrs_in" Type="Constrs" RelSrcDir="$PSRCDIR/constrs_1">
    <Filter Type="Constrs"/>
    <File Path="$PSRCDIR/constrs_1/imports/Downloads/Zybo-Z7-Master.xdc">
      <FileInfo>
        <Attr Name="ImportPath" Val="$PPRDIR/../../../../Downloads/Zybo-Z7-Master.xdc"/>
        <Attr Name="ImportTime" Val="1692230276"/>
        <Attr Name="UsedIn" Val="synthesis"/>
        <Attr Name="UsedIn" Val="implementation"/>
      </FileInfo>
    </File>
    <Config>
      <Option Name="ConstrsType" Val="XDC"/>
    </Config>
  </FileSet>
  <FileSet Name="utils" Type="Utils" RelSrcDir="$PSRCDIR/utils_1">
    <Filter Type="Utils"/>
    <Config>
      <Option Name="TopAutoSet" Val="TRUE"/>
    </Config>
  </FileSet>
  <Strategy Version="1" Minor="2">
    <StratHandle Name="Vivado Synthesis Defaults" Flow="Vivado Synthesis 2020">
      <Desc>Vivado Synthesis Defaults</Desc>
    </StratHandle>
    <Step Id="synth_design"/>
  </Strategy>
</GenRun>
